spm,id,file,syllables,targetSec,text,done
70,L1-01,public/audio/model/70/L1-01.m4a,8,6.9,"아침에 물을 마셔요.",
70,L1-02,public/audio/model/70/L1-02.m4a,9,7.7,"오늘은 날씨가 맑아요.",
70,L1-03,public/audio/model/70/L1-03.m4a,8,6.9,"우리 집은 조용해요.",
70,L1-04,public/audio/model/70/L1-04.m4a,8,6.9,"엄마와 시장에 가요.",
70,L1-05,public/audio/model/70/L1-05.m4a,9,7.7,"나무 아래에서 쉬어요.",
70,L1-06,public/audio/model/70/L1-06.m4a,8,6.9,"연필로 이름을 써요.",
70,L1-07,public/audio/model/70/L1-07.m4a,9,7.7,"아이가 노래를 불러요.",
70,L1-08,public/audio/model/70/L1-08.m4a,8,6.9,"이번 주말에 만나요.",
70,L1-09,public/audio/model/70/L1-09.m4a,8,6.9,"우유를 한 잔 주세요.",
70,L1-10,public/audio/model/70/L1-10.m4a,8,6.9,"오후에 비가 내려요.",
70,L2-01,public/audio/model/70/L2-01.m4a,18,15.4,"주말마다 가족과 함께 공원을 천천히 걸어요.",
70,L2-02,public/audio/model/70/L2-02.m4a,18,15.4,"오늘 점심에는 따뜻한 된장찌개를 먹었어요.",
70,L2-03,public/audio/model/70/L2-03.m4a,19,16.3,"회의가 끝나면 자료를 정리해서 보내 드릴게요.",
70,L2-04,public/audio/model/70/L2-04.m4a,20,17.1,"지하철역에서 내려서 오른쪽으로 조금 걸으세요.",
70,L2-05,public/audio/model/70/L2-05.m4a,17,14.6,"아침마다 창문을 열고 맑은 공기를 마셔요.",
70,L2-06,public/audio/model/70/L2-06.m4a,20,17.1,"도서관에서 빌린 책을 다음 주까지 반납해야 해요.",
70,L2-07,public/audio/model/70/L2-07.m4a,18,15.4,"동생이 좋아하는 케이크를 사서 집에 갔어요.",
70,L2-08,public/audio/model/70/L2-08.m4a,18,15.4,"새로 생긴 카페는 조용해서 공부하기 좋아요.",
70,L2-09,public/audio/model/70/L2-09.m4a,17,14.6,"비가 많이 와서 약속을 내일로 미루었어요.",
70,L2-10,public/audio/model/70/L2-10.m4a,20,17.1,"이번 여행에서는 바닷가 마을에 머물 예정이에요.",
70,L3-01,public/audio/model/70/L3-01.m4a,27,23.1,"처음 보는 사람에게 길을 물어보는 일은 생각보다 어렵지 않았어요.",
70,L3-02,public/audio/model/70/L3-02.m4a,25,21.4,"회사 근처에 새로 생긴 식당은 점심시간마다 사람들로 붐벼요.",
70,L3-03,public/audio/model/70/L3-03.m4a,28,24,"주말에는 오랜만에 대청소를 하고 안 쓰는 물건을 정리할 생각이에요.",
70,L3-04,public/audio/model/70/L3-04.m4a,27,23.1,"발표를 앞두고 긴장이 되었지만 천천히 말하니까 훨씬 편안했어요.",
70,L3-05,public/audio/model/70/L3-05.m4a,26,22.3,"이번 겨울에는 따뜻한 남쪽 지방으로 가족 여행을 가기로 했어요.",
70,L3-06,public/audio/model/70/L3-06.m4a,27,23.1,"매일 조금씩이라도 꾸준히 연습하면 분명히 좋아질 거라고 믿어요.",
70,L3-07,public/audio/model/70/L3-07.m4a,28,24,"전화로 예약을 변경하려고 했는데 상담원이 친절하게 도와주었어요.",
70,L3-08,public/audio/model/70/L3-08.m4a,26,22.3,"아침 출근길 지하철은 늘 복잡하지만 음악을 들으면 견딜 만해요.",
70,L3-09,public/audio/model/70/L3-09.m4a,26,22.3,"동네 도서관에서 매달 열리는 독서 모임에 처음으로 참석했어요.",
70,L3-10,public/audio/model/70/L3-10.m4a,27,23.1,"오늘 저녁에는 친구들과 모여서 맛있는 음식을 나눠 먹기로 했어요.",
120,L1-01,public/audio/model/120/L1-01.m4a,8,4,"아침에 물을 마셔요.",
120,L1-02,public/audio/model/120/L1-02.m4a,9,4.5,"오늘은 날씨가 맑아요.",
120,L1-03,public/audio/model/120/L1-03.m4a,8,4,"우리 집은 조용해요.",
120,L1-04,public/audio/model/120/L1-04.m4a,8,4,"엄마와 시장에 가요.",
120,L1-05,public/audio/model/120/L1-05.m4a,9,4.5,"나무 아래에서 쉬어요.",
120,L1-06,public/audio/model/120/L1-06.m4a,8,4,"연필로 이름을 써요.",
120,L1-07,public/audio/model/120/L1-07.m4a,9,4.5,"아이가 노래를 불러요.",
120,L1-08,public/audio/model/120/L1-08.m4a,8,4,"이번 주말에 만나요.",
120,L1-09,public/audio/model/120/L1-09.m4a,8,4,"우유를 한 잔 주세요.",
120,L1-10,public/audio/model/120/L1-10.m4a,8,4,"오후에 비가 내려요.",
120,L2-01,public/audio/model/120/L2-01.m4a,18,9,"주말마다 가족과 함께 공원을 천천히 걸어요.",
120,L2-02,public/audio/model/120/L2-02.m4a,18,9,"오늘 점심에는 따뜻한 된장찌개를 먹었어요.",
120,L2-03,public/audio/model/120/L2-03.m4a,19,9.5,"회의가 끝나면 자료를 정리해서 보내 드릴게요.",
120,L2-04,public/audio/model/120/L2-04.m4a,20,10,"지하철역에서 내려서 오른쪽으로 조금 걸으세요.",
120,L2-05,public/audio/model/120/L2-05.m4a,17,8.5,"아침마다 창문을 열고 맑은 공기를 마셔요.",
120,L2-06,public/audio/model/120/L2-06.m4a,20,10,"도서관에서 빌린 책을 다음 주까지 반납해야 해요.",
120,L2-07,public/audio/model/120/L2-07.m4a,18,9,"동생이 좋아하는 케이크를 사서 집에 갔어요.",
120,L2-08,public/audio/model/120/L2-08.m4a,18,9,"새로 생긴 카페는 조용해서 공부하기 좋아요.",
120,L2-09,public/audio/model/120/L2-09.m4a,17,8.5,"비가 많이 와서 약속을 내일로 미루었어요.",
120,L2-10,public/audio/model/120/L2-10.m4a,20,10,"이번 여행에서는 바닷가 마을에 머물 예정이에요.",
120,L3-01,public/audio/model/120/L3-01.m4a,27,13.5,"처음 보는 사람에게 길을 물어보는 일은 생각보다 어렵지 않았어요.",
120,L3-02,public/audio/model/120/L3-02.m4a,25,12.5,"회사 근처에 새로 생긴 식당은 점심시간마다 사람들로 붐벼요.",
120,L3-03,public/audio/model/120/L3-03.m4a,28,14,"주말에는 오랜만에 대청소를 하고 안 쓰는 물건을 정리할 생각이에요.",
120,L3-04,public/audio/model/120/L3-04.m4a,27,13.5,"발표를 앞두고 긴장이 되었지만 천천히 말하니까 훨씬 편안했어요.",
120,L3-05,public/audio/model/120/L3-05.m4a,26,13,"이번 겨울에는 따뜻한 남쪽 지방으로 가족 여행을 가기로 했어요.",
120,L3-06,public/audio/model/120/L3-06.m4a,27,13.5,"매일 조금씩이라도 꾸준히 연습하면 분명히 좋아질 거라고 믿어요.",
120,L3-07,public/audio/model/120/L3-07.m4a,28,14,"전화로 예약을 변경하려고 했는데 상담원이 친절하게 도와주었어요.",
120,L3-08,public/audio/model/120/L3-08.m4a,26,13,"아침 출근길 지하철은 늘 복잡하지만 음악을 들으면 견딜 만해요.",
120,L3-09,public/audio/model/120/L3-09.m4a,26,13,"동네 도서관에서 매달 열리는 독서 모임에 처음으로 참석했어요.",
120,L3-10,public/audio/model/120/L3-10.m4a,27,13.5,"오늘 저녁에는 친구들과 모여서 맛있는 음식을 나눠 먹기로 했어요.",
150,L1-01,public/audio/model/150/L1-01.m4a,8,3.2,"아침에 물을 마셔요.",
150,L1-02,public/audio/model/150/L1-02.m4a,9,3.6,"오늘은 날씨가 맑아요.",
150,L1-03,public/audio/model/150/L1-03.m4a,8,3.2,"우리 집은 조용해요.",
150,L1-04,public/audio/model/150/L1-04.m4a,8,3.2,"엄마와 시장에 가요.",
150,L1-05,public/audio/model/150/L1-05.m4a,9,3.6,"나무 아래에서 쉬어요.",
150,L1-06,public/audio/model/150/L1-06.m4a,8,3.2,"연필로 이름을 써요.",
150,L1-07,public/audio/model/150/L1-07.m4a,9,3.6,"아이가 노래를 불러요.",
150,L1-08,public/audio/model/150/L1-08.m4a,8,3.2,"이번 주말에 만나요.",
150,L1-09,public/audio/model/150/L1-09.m4a,8,3.2,"우유를 한 잔 주세요.",
150,L1-10,public/audio/model/150/L1-10.m4a,8,3.2,"오후에 비가 내려요.",
150,L2-01,public/audio/model/150/L2-01.m4a,18,7.2,"주말마다 가족과 함께 공원을 천천히 걸어요.",
150,L2-02,public/audio/model/150/L2-02.m4a,18,7.2,"오늘 점심에는 따뜻한 된장찌개를 먹었어요.",
150,L2-03,public/audio/model/150/L2-03.m4a,19,7.6,"회의가 끝나면 자료를 정리해서 보내 드릴게요.",
150,L2-04,public/audio/model/150/L2-04.m4a,20,8,"지하철역에서 내려서 오른쪽으로 조금 걸으세요.",
150,L2-05,public/audio/model/150/L2-05.m4a,17,6.8,"아침마다 창문을 열고 맑은 공기를 마셔요.",
150,L2-06,public/audio/model/150/L2-06.m4a,20,8,"도서관에서 빌린 책을 다음 주까지 반납해야 해요.",
150,L2-07,public/audio/model/150/L2-07.m4a,18,7.2,"동생이 좋아하는 케이크를 사서 집에 갔어요.",
150,L2-08,public/audio/model/150/L2-08.m4a,18,7.2,"새로 생긴 카페는 조용해서 공부하기 좋아요.",
150,L2-09,public/audio/model/150/L2-09.m4a,17,6.8,"비가 많이 와서 약속을 내일로 미루었어요.",
150,L2-10,public/audio/model/150/L2-10.m4a,20,8,"이번 여행에서는 바닷가 마을에 머물 예정이에요.",
150,L3-01,public/audio/model/150/L3-01.m4a,27,10.8,"처음 보는 사람에게 길을 물어보는 일은 생각보다 어렵지 않았어요.",
150,L3-02,public/audio/model/150/L3-02.m4a,25,10,"회사 근처에 새로 생긴 식당은 점심시간마다 사람들로 붐벼요.",
150,L3-03,public/audio/model/150/L3-03.m4a,28,11.2,"주말에는 오랜만에 대청소를 하고 안 쓰는 물건을 정리할 생각이에요.",
150,L3-04,public/audio/model/150/L3-04.m4a,27,10.8,"발표를 앞두고 긴장이 되었지만 천천히 말하니까 훨씬 편안했어요.",
150,L3-05,public/audio/model/150/L3-05.m4a,26,10.4,"이번 겨울에는 따뜻한 남쪽 지방으로 가족 여행을 가기로 했어요.",
150,L3-06,public/audio/model/150/L3-06.m4a,27,10.8,"매일 조금씩이라도 꾸준히 연습하면 분명히 좋아질 거라고 믿어요.",
150,L3-07,public/audio/model/150/L3-07.m4a,28,11.2,"전화로 예약을 변경하려고 했는데 상담원이 친절하게 도와주었어요.",
150,L3-08,public/audio/model/150/L3-08.m4a,26,10.4,"아침 출근길 지하철은 늘 복잡하지만 음악을 들으면 견딜 만해요.",
150,L3-09,public/audio/model/150/L3-09.m4a,26,10.4,"동네 도서관에서 매달 열리는 독서 모임에 처음으로 참석했어요.",
150,L3-10,public/audio/model/150/L3-10.m4a,27,10.8,"오늘 저녁에는 친구들과 모여서 맛있는 음식을 나눠 먹기로 했어요.",
180,L1-01,public/audio/model/180/L1-01.m4a,8,2.7,"아침에 물을 마셔요.",
180,L1-02,public/audio/model/180/L1-02.m4a,9,3,"오늘은 날씨가 맑아요.",
180,L1-03,public/audio/model/180/L1-03.m4a,8,2.7,"우리 집은 조용해요.",
180,L1-04,public/audio/model/180/L1-04.m4a,8,2.7,"엄마와 시장에 가요.",
180,L1-05,public/audio/model/180/L1-05.m4a,9,3,"나무 아래에서 쉬어요.",
180,L1-06,public/audio/model/180/L1-06.m4a,8,2.7,"연필로 이름을 써요.",
180,L1-07,public/audio/model/180/L1-07.m4a,9,3,"아이가 노래를 불러요.",
180,L1-08,public/audio/model/180/L1-08.m4a,8,2.7,"이번 주말에 만나요.",
180,L1-09,public/audio/model/180/L1-09.m4a,8,2.7,"우유를 한 잔 주세요.",
180,L1-10,public/audio/model/180/L1-10.m4a,8,2.7,"오후에 비가 내려요.",
180,L2-01,public/audio/model/180/L2-01.m4a,18,6,"주말마다 가족과 함께 공원을 천천히 걸어요.",
180,L2-02,public/audio/model/180/L2-02.m4a,18,6,"오늘 점심에는 따뜻한 된장찌개를 먹었어요.",
180,L2-03,public/audio/model/180/L2-03.m4a,19,6.3,"회의가 끝나면 자료를 정리해서 보내 드릴게요.",
180,L2-04,public/audio/model/180/L2-04.m4a,20,6.7,"지하철역에서 내려서 오른쪽으로 조금 걸으세요.",
180,L2-05,public/audio/model/180/L2-05.m4a,17,5.7,"아침마다 창문을 열고 맑은 공기를 마셔요.",
180,L2-06,public/audio/model/180/L2-06.m4a,20,6.7,"도서관에서 빌린 책을 다음 주까지 반납해야 해요.",
180,L2-07,public/audio/model/180/L2-07.m4a,18,6,"동생이 좋아하는 케이크를 사서 집에 갔어요.",
180,L2-08,public/audio/model/180/L2-08.m4a,18,6,"새로 생긴 카페는 조용해서 공부하기 좋아요.",
180,L2-09,public/audio/model/180/L2-09.m4a,17,5.7,"비가 많이 와서 약속을 내일로 미루었어요.",
180,L2-10,public/audio/model/180/L2-10.m4a,20,6.7,"이번 여행에서는 바닷가 마을에 머물 예정이에요.",
180,L3-01,public/audio/model/180/L3-01.m4a,27,9,"처음 보는 사람에게 길을 물어보는 일은 생각보다 어렵지 않았어요.",
180,L3-02,public/audio/model/180/L3-02.m4a,25,8.3,"회사 근처에 새로 생긴 식당은 점심시간마다 사람들로 붐벼요.",
180,L3-03,public/audio/model/180/L3-03.m4a,28,9.3,"주말에는 오랜만에 대청소를 하고 안 쓰는 물건을 정리할 생각이에요.",
180,L3-04,public/audio/model/180/L3-04.m4a,27,9,"발표를 앞두고 긴장이 되었지만 천천히 말하니까 훨씬 편안했어요.",
180,L3-05,public/audio/model/180/L3-05.m4a,26,8.7,"이번 겨울에는 따뜻한 남쪽 지방으로 가족 여행을 가기로 했어요.",
180,L3-06,public/audio/model/180/L3-06.m4a,27,9,"매일 조금씩이라도 꾸준히 연습하면 분명히 좋아질 거라고 믿어요.",
180,L3-07,public/audio/model/180/L3-07.m4a,28,9.3,"전화로 예약을 변경하려고 했는데 상담원이 친절하게 도와주었어요.",
180,L3-08,public/audio/model/180/L3-08.m4a,26,8.7,"아침 출근길 지하철은 늘 복잡하지만 음악을 들으면 견딜 만해요.",
180,L3-09,public/audio/model/180/L3-09.m4a,26,8.7,"동네 도서관에서 매달 열리는 독서 모임에 처음으로 참석했어요.",
180,L3-10,public/audio/model/180/L3-10.m4a,27,9,"오늘 저녁에는 친구들과 모여서 맛있는 음식을 나눠 먹기로 했어요.",
